"mutation_rate", 0.05
"crossover_rate", 0.6
196.845841
196.845841
196.361151
197.885966
196.361151
196.845841
199.220113
196.361151
196.361151
196.361151
197.885966
197.885966
200.274913
196.361151
198.927078
199.892905
196.361151
196.845841
196.361151
196.845841
196.361151
198.421683
198.661348
196.845841
196.361151
196.361151
197.885966
198.421683
197.885966
197.353920
