"mutation_rate", 0.1
"crossover_rate", 0.9
197.353920
198.421683
197.353920
197.353920
196.845841
197.353920
198.927078
198.927078
196.361151
196.845841
196.361151
199.541669
197.885966
197.353920
198.421683
199.220113
196.361151
196.361151
198.927078
198.421683
196.845841
197.353920
196.845841
196.361151
196.845841
196.845841
197.885966
196.361151
199.220113
197.885966
