"mutation_rate", 0.05
"crossover_rate", 0.4
196.845841
196.845841
196.845841
196.361151
196.845841
197.353920
197.353920
196.361151
197.885966
197.353920
196.845841
196.845841
196.361151
197.885966
196.361151
196.361151
196.845841
196.845841
196.845841
196.361151
196.845841
196.361151
198.421683
198.927078
196.361151
197.885966
198.927078
196.361151
196.361151
196.361151
