"mutation_rate", 0.1
"crossover_rate", 0.8
197.353920
198.421683
197.353920
198.927078
198.927078
198.661348
196.361151
197.353920
196.361151
197.885966
197.353920
197.885966
197.885966
197.353920
197.353920
196.845841
196.361151
197.885966
196.361151
197.353920
196.361151
196.361151
196.361151
196.361151
196.845841
196.361151
200.688693
196.361151
196.361151
197.885966
