"mutation_rate", 0.05
"crossover_rate", 0.1
196.361151
196.361151
196.361151
198.376861
196.845841
196.361151
197.353920
196.845841
196.361151
199.541669
196.361151
196.845841
196.361151
196.845841
196.361151
196.361151
197.353920
196.361151
196.361151
198.927078
198.376861
197.885966
196.361151
196.361151
197.885966
197.353920
196.361151
197.353920
196.845841
196.361151
