"mutation_rate", 0.2
"crossover_rate", 0.5
196.361151
197.353920
197.885966
196.361151
197.353920
196.361151
196.845841
196.361151
196.845841
196.845841
196.845841
196.845841
196.361151
196.361151
196.361151
196.361151
197.353920
196.361151
197.353920
198.421683
196.845841
198.421683
196.361151
196.845841
197.353920
196.845841
196.361151
196.361151
197.353920
196.361151
