"mutation_rate", 0.02
"crossover_rate", 0.8
197.885966
196.845841
197.885966
199.541669
199.220113
197.353920
198.927078
198.927078
199.541669
210.901275
197.885966
198.661348
197.353920
196.845841
198.421683
202.128988
196.361151
198.421683
204.531882
199.220113
197.885966
196.361151
201.135142
199.892905
199.541669
198.927078
196.845841
198.661348
201.615031
209.137775
