"mutation_rate", 0.2
"crossover_rate", 0.9
198.421683
197.885966
196.845841
196.361151
196.361151
198.421683
196.845841
196.361151
198.421683
198.421683
197.885966
197.353920
198.421683
197.353920
196.845841
196.361151
198.927078
196.845841
196.361151
197.885966
196.845841
198.764496
199.220113
196.361151
196.361151
197.353920
196.845841
197.353920
196.845841
196.361151
