"mutation_rate", 0.1
"crossover_rate", 0.1
196.361151
197.885966
198.421683
196.361151
196.361151
196.361151
196.361151
196.361151
196.845841
196.361151
196.845841
196.361151
196.361151
197.353920
196.845841
196.361151
196.361151
196.361151
196.361151
197.353920
196.845841
196.845841
196.361151
196.361151
196.361151
196.361151
196.361151
196.845841
196.361151
196.361151
