"mutation_rate", 0.05
"crossover_rate", 0.8
196.845841
196.845841
196.845841
196.845841
197.885966
196.845841
196.361151
196.845841
196.845841
199.892905
199.220113
199.892905
197.353920
198.421683
199.541669
197.885966
196.361151
197.353920
198.421683
198.421683
198.661348
196.361151
196.845841
198.421683
197.353920
196.361151
197.353920
196.845841
196.361151
198.421683
