"mutation_rate", 0.05
"crossover_rate", 0.9
198.421683
196.845841
197.885966
198.661348
197.353920
196.845841
197.885966
196.845841
196.845841
199.892905
197.353920
197.353920
197.885966
197.885966
197.353920
198.421683
196.361151
198.927078
198.661348
198.421683
198.927078
197.353920
196.845841
199.220113
196.845841
198.421683
198.661348
196.845841
196.361151
198.421683
